FirstName,LastName,Email,Phone,Gender,Status,Profile,Location,DateCreated,DateUpdated
shama1,begum1,sham29.b@gmail.com,9842393430,female,active,image-1693469836790.image-1671725000361.delivery-woman (1).png,trichy,Thu Aug 31 2023 01:47:16 GMT+0530 (India Standard Time),-
shama2,begum2,sham229.b@gmail.com,1234567890,Female,Active,image-1693471548368.WIN_20230629_09_37_24_Pro.jpg,trichy,Thu Aug 31 2023 02:15:48 GMT+0530 (India Standard Time),-
shama3,begum3,sham329.b@gmail.com,1023456789,Male,InActive,image-1693472212380.WIN_20230629_09_38_37_Pro.jpg,chennai,Thu Aug 31 2023 02:26:52 GMT+0530 (India Standard Time),-
shama4,begum4,sham429.b@gmail.com,1203456789,Male,InActive,image-1693472396565.WIN_20230629_09_39_00_Pro.jpg,chennai,Thu Aug 31 2023 02:29:56 GMT+0530 (India Standard Time),-
shama5,begum5,sham529.b@gmail.com,9842393431,Female,Active,image-1693479210000.WIN_20230629_09_39_16_Pro.jpg,chennai,Thu Aug 31 2023 04:23:30 GMT+0530 (India Standard Time),-
shama6,begum6,sham629.b@gmail.com,9842393432,Male,Active,image-1693479529203.WIN_20230629_09_39_16_Pro.jpg,trichy,Thu Aug 31 2023 04:28:49 GMT+0530 (India Standard Time),-
shama7,begum7,sham729.b@gmail.com,9842393433,Male,InActive,image-1693479693398.WIN_20230629_09_39_35_Pro.jpg,madurai,Thu Aug 31 2023 04:31:33 GMT+0530 (India Standard Time),-
shama8,begum8,sham829.b@gmail.com,9842393437,Male,InActive,image-1693486815373.WIN_20230629_09_40_45_Pro.jpg,trichy,Thu Aug 31 2023 06:30:15 GMT+0530 (India Standard Time),-
shama9,begum9,sham929.b@gmail.com,9842393439,Female,Active,image-1693487510816.WIN_20230629_09_41_13_Pro.jpg,madurai,Thu Aug 31 2023 06:41:50 GMT+0530 (India Standard Time),-
shama10,begum10,agm.bilalahmed@gmail.com,9597971397,Male,Active,image-1693490645450.WIN_20230629_09_41_13_Pro.jpg,trichy,Thu Aug 31 2023 07:34:05 GMT+0530 (India Standard Time),Fri Sep 01 2023 08:56:35 GMT+0530 (India Standard Time)
shama13,begum13,sham1329.b@gmail.com,9842393435,Male,InActive,image-1693538889040.WIN_20230629_09_41_25_Pro.jpg,pune,Fri Sep 01 2023 08:58:09 GMT+0530 (India Standard Time),-